holiday,temp,rain_1h,snow_1h,clouds_all,weather_main,weather_description,date_time,traffic_volume
None,262.65,0.0,0.0,1,Clear,sky is clear,2018-04-01 00:00:00,1128
None,262.15,0.0,0.0,1,Clear,sky is clear,2018-04-01 01:00:00,652
None,261.79,0.0,0.0,1,Clear,sky is clear,2018-04-01 02:00:00,520
None,261.72,0.0,0.0,1,Clear,sky is clear,2018-04-01 03:00:00,313
None,261.65,0.0,0.0,1,Clear,sky is clear,2018-04-01 04:00:00,249
None,261.22,0.0,0.0,1,Clear,sky is clear,2018-04-01 05:00:00,426
None,261.07,0.0,0.0,1,Clear,sky is clear,2018-04-01 06:00:00,751
None,260.99,0.0,0.0,5,Clear,sky is clear,2018-04-01 07:00:00,978
None,261.22,0.0,0.0,5,Clear,sky is clear,2018-04-01 08:00:00,1718
None,262.86,0.0,0.0,5,Clear,sky is clear,2018-04-01 09:00:00,2444
None,264.37,0.0,0.0,5,Clear,sky is clear,2018-04-01 10:00:00,3306
None,265.83,0.0,0.0,5,Clear,sky is clear,2018-04-01 11:00:00,3641
None,267.29,0.0,0.0,5,Clear,sky is clear,2018-04-01 12:00:00,3964
None,268.79,0.0,0.0,5,Clear,sky is clear,2018-04-01 13:00:00,4043
None,269.93,0.0,0.0,5,Clear,sky is clear,2018-04-01 14:00:00,3996
None,270.79,0.0,0.0,5,Clear,sky is clear,2018-04-01 15:00:00,4102
None,271.68,0.0,0.0,20,Clouds,few clouds,2018-04-01 16:00:00,4679
None,271.82,0.0,0.0,1,Clear,sky is clear,2018-04-01 17:00:00,4569
None,271.95,0.0,0.0,40,Clouds,scattered clouds,2018-04-01 18:00:00,4424
None,271.69,0.0,0.0,1,Clear,sky is clear,2018-04-01 19:00:00,3892
None,271.08,0.0,0.0,5,Clear,sky is clear,2018-04-01 20:00:00,3320
None,269.95,0.0,0.0,5,Clear,sky is clear,2018-04-01 21:00:00,2545
None,269.58,0.0,0.0,1,Clear,sky is clear,2018-04-01 22:00:00,1682
None,268.58,0.0,0.0,1,Clear,sky is clear,2018-04-01 23:00:00,952
None,267.92,0.0,0.0,1,Clear,sky is clear,2018-04-02 00:00:00,543
None,267.69,0.0,0.0,1,Clear,sky is clear,2018-04-02 01:00:00,311
None,266.92,0.0,0.0,1,Clear,sky is clear,2018-04-02 02:00:00,246
None,266.99,0.0,0.0,1,Clear,sky is clear,2018-04-02 03:00:00,352
None,266.61,0.0,0.0,1,Clear,sky is clear,2018-04-02 04:00:00,807
None,266.07,0.0,0.0,1,Clear,sky is clear,2018-04-02 05:00:00,2683
None,265.99,0.0,0.0,1,Clear,sky is clear,2018-04-02 06:00:00,5147
None,265.73,0.0,0.0,40,Clouds,scattered clouds,2018-04-02 07:00:00,6148
None,266.57,0.0,0.0,75,Clouds,broken clouds,2018-04-02 08:00:00,5557
None,269.52,0.0,0.0,75,Clouds,broken clouds,2018-04-02 09:00:00,4776
None,270.93,0.0,0.0,75,Clouds,broken clouds,2018-04-02 10:00:00,4397
None,272.38,0.0,0.0,90,Clouds,overcast clouds,2018-04-02 11:00:00,4509
None,273.72,0.0,0.0,1,Clear,sky is clear,2018-04-02 12:00:00,4947
None,273.66,0.0,0.0,90,Snow,light snow,2018-04-02 13:00:00,4895
None,272.16,0.0,0.0,90,Snow,snow,2018-04-02 14:00:00,4750
None,272.16,0.0,0.0,90,Mist,mist,2018-04-02 14:00:00,4750
None,272.16,0.0,0.0,90,Fog,fog,2018-04-02 14:00:00,4750
None,271.73,0.0,0.0,90,Snow,snow,2018-04-02 15:00:00,4949
None,271.73,0.0,0.0,90,Mist,mist,2018-04-02 15:00:00,4949
None,272.02,0.0,0.0,90,Snow,snow,2018-04-02 16:00:00,6000
None,272.02,0.0,0.0,90,Mist,mist,2018-04-02 16:00:00,6000
None,272.29,0.0,0.0,90,Snow,snow,2018-04-02 17:00:00,5301
None,272.29,0.0,0.0,90,Mist,mist,2018-04-02 17:00:00,5301
None,272.15,0.0,0.0,90,Snow,light snow,2018-04-02 18:00:00,3893
None,272.08,0.0,0.0,90,Snow,light snow,2018-04-02 19:00:00,2521
None,271.69,0.0,0.0,90,Snow,snow,2018-04-02 20:00:00,2159
None,271.69,0.0,0.0,90,Mist,mist,2018-04-02 20:00:00,2159
None,271.38,0.0,0.0,90,Snow,snow,2018-04-02 21:00:00,2702
None,271.38,0.0,0.0,90,Mist,mist,2018-04-02 21:00:00,2702
None,271.53,0.0,0.0,90,Snow,snow,2018-04-02 22:00:00,2359
None,271.53,0.0,0.0,90,Mist,mist,2018-04-02 22:00:00,2359
None,271.61,0.0,0.0,90,Snow,light snow,2018-04-02 23:00:00,1040
None,271.61,0.0,0.0,90,Snow,light snow,2018-04-03 00:00:00,552
None,271.58,0.0,0.0,90,Snow,light snow,2018-04-03 01:00:00,346
None,271.58,0.0,0.0,90,Clouds,overcast clouds,2018-04-03 02:00:00,277
None,271.43,0.0,0.0,90,Snow,light snow,2018-04-03 03:00:00,329
None,271.15,0.0,0.0,90,Snow,light snow,2018-04-03 04:00:00,836
None,271.15,0.0,0.0,90,Mist,mist,2018-04-03 04:00:00,836
None,271.22,0.0,0.0,90,Snow,light snow,2018-04-03 05:00:00,2555
None,271.22,0.0,0.0,90,Mist,mist,2018-04-03 05:00:00,2555
None,271.08,0.0,0.0,90,Snow,light snow,2018-04-03 06:00:00,4311
None,271.08,0.0,0.0,90,Mist,mist,2018-04-03 06:00:00,4311
None,270.86,0.0,0.0,90,Snow,light snow,2018-04-03 07:00:00,4096
None,270.86,0.0,0.0,90,Mist,mist,2018-04-03 07:00:00,4096
None,270.94,0.0,0.0,90,Snow,light snow,2018-04-03 08:00:00,4790
None,270.94,0.0,0.0,90,Mist,mist,2018-04-03 08:00:00,4790
None,271.36,0.0,0.0,90,Snow,light snow,2018-04-03 09:00:00,3893
None,271.36,0.0,0.0,90,Mist,mist,2018-04-03 09:00:00,3893
None,271.41,0.0,0.0,90,Snow,light snow,2018-04-03 10:00:00,3403
None,271.41,0.0,0.0,90,Mist,mist,2018-04-03 10:00:00,3403
None,271.87,0.0,0.0,90,Snow,light snow,2018-04-03 11:00:00,3587
None,271.87,0.0,0.0,90,Mist,mist,2018-04-03 11:00:00,3587
None,272.15,0.0,0.0,90,Snow,snow,2018-04-03 12:00:00,3822
None,272.15,0.0,0.0,90,Mist,mist,2018-04-03 12:00:00,3822
None,272.15,0.0,0.0,90,Fog,fog,2018-04-03 12:00:00,3822
None,272.15,0.0,0.0,90,Snow,snow,2018-04-03 13:00:00,3917
None,272.15,0.0,0.0,90,Mist,mist,2018-04-03 13:00:00,3917
None,272.15,0.0,0.0,90,Fog,fog,2018-04-03 13:00:00,3917
None,272.15,0.0,0.0,90,Snow,heavy snow,2018-04-03 14:00:00,4058
None,272.15,0.0,0.0,90,Fog,fog,2018-04-03 14:00:00,4058
None,272.15,0.0,0.0,90,Mist,mist,2018-04-03 14:00:00,4058
None,272.29,0.0,0.0,90,Snow,snow,2018-04-03 15:00:00,4689
None,272.29,0.0,0.0,90,Mist,mist,2018-04-03 15:00:00,4689
None,272.29,0.0,0.0,90,Fog,fog,2018-04-03 15:00:00,4689
None,272.41,0.0,0.0,90,Snow,snow,2018-04-03 16:00:00,4930
None,272.41,0.0,0.0,90,Mist,mist,2018-04-03 16:00:00,4930
None,272.41,0.0,0.0,90,Haze,haze,2018-04-03 16:00:00,4930
None,271.79,0.0,0.0,90,Snow,snow,2018-04-03 17:00:00,4207
None,271.79,0.0,0.0,90,Mist,mist,2018-04-03 17:00:00,4207
None,271.15,0.0,0.0,90,Snow,snow,2018-04-03 18:00:00,2887
None,271.15,0.0,0.0,90,Mist,mist,2018-04-03 18:00:00,2887
None,271.15,0.0,0.0,90,Fog,fog,2018-04-03 18:00:00,2887
None,270.5,0.0,0.0,90,Snow,snow,2018-04-03 19:00:00,1834
None,270.5,0.0,0.0,90,Mist,mist,2018-04-03 19:00:00,1834
None,270.5,0.0,0.0,90,Fog,fog,2018-04-03 19:00:00,1834
None,269.87,0.0,0.0,90,Snow,snow,2018-04-03 20:00:00,1703
None,269.87,0.0,0.0,90,Mist,mist,2018-04-03 20:00:00,1703
None,268.87,0.0,0.0,90,Snow,light snow,2018-04-03 21:00:00,1450
None,268.87,0.0,0.0,90,Mist,mist,2018-04-03 21:00:00,1450
None,268.22,0.0,0.0,90,Snow,light snow,2018-04-03 22:00:00,1511
None,268.22,0.0,0.0,90,Mist,mist,2018-04-03 22:00:00,1511
None,268.22,0.0,0.0,90,Haze,haze,2018-04-03 22:00:00,1511
None,267.3,0.0,0.0,90,Snow,light snow,2018-04-03 23:00:00,1271
None,267.3,0.0,0.0,90,Mist,mist,2018-04-03 23:00:00,1271
None,267.3,0.0,0.0,90,Haze,haze,2018-04-03 23:00:00,1271
None,266.72,0.0,0.0,90,Snow,light snow,2018-04-04 00:00:00,501
None,266.72,0.0,0.0,90,Mist,mist,2018-04-04 00:00:00,501
None,266.72,0.0,0.0,90,Haze,haze,2018-04-04 00:00:00,501
None,266.36,0.0,0.0,90,Snow,light snow,2018-04-04 01:00:00,327
None,266.36,0.0,0.0,90,Mist,mist,2018-04-04 01:00:00,327
None,265.69,0.0,0.0,90,Snow,light snow,2018-04-04 02:00:00,259
None,265.32,0.0,0.0,1,Snow,light snow,2018-04-04 03:00:00,337
None,263.72,0.0,0.0,1,Snow,light snow,2018-04-04 04:00:00,821
None,262.29,0.0,0.0,1,Snow,light snow,2018-04-04 05:00:00,2580
None,261.57,0.0,0.0,1,Snow,light snow,2018-04-04 06:00:00,4551
None,260.28,0.0,0.0,5,Clear,sky is clear,2018-04-04 07:00:00,4979
None,260.0,0.0,0.0,5,Clear,sky is clear,2018-04-04 08:00:00,4778
None,261.64,0.0,0.0,5,Clear,sky is clear,2018-04-04 09:00:00,5252
None,263.71,0.0,0.0,5,Clear,sky is clear,2018-04-04 10:00:00,4717
None,266.07,0.0,0.0,5,Clear,sky is clear,2018-04-04 11:00:00,4590
None,267.76,0.0,0.0,1,Clear,sky is clear,2018-04-04 12:00:00,4749
None,269.41,0.0,0.0,5,Haze,haze,2018-04-04 13:00:00,4793
None,270.41,0.0,0.0,5,Clear,sky is clear,2018-04-04 14:00:00,4903
None,271.36,0.0,0.0,1,Clear,sky is clear,2018-04-04 15:00:00,5491
None,271.68,0.0,0.0,40,Clouds,scattered clouds,2018-04-04 16:00:00,6500
None,271.61,0.0,0.0,40,Clouds,scattered clouds,2018-04-04 17:00:00,5898
None,271.44,0.0,0.0,1,Clear,sky is clear,2018-04-04 18:00:00,4539
None,270.94,0.0,0.0,1,Clear,sky is clear,2018-04-04 19:00:00,3400
None,269.95,0.0,0.0,40,Clouds,scattered clouds,2018-04-04 20:00:00,3022
None,268.95,0.0,0.0,40,Clouds,scattered clouds,2018-04-04 21:00:00,2444
None,267.88,0.0,0.0,1,Clear,sky is clear,2018-04-04 22:00:00,1885
None,266.09,0.0,0.0,1,Clear,sky is clear,2018-04-04 23:00:00,1097
None,264.36,0.0,0.0,1,Clear,sky is clear,2018-04-05 00:00:00,640
None,263.42,0.0,0.0,1,Clear,sky is clear,2018-04-05 01:00:00,384
None,262.09,0.0,0.0,1,Clear,sky is clear,2018-04-05 02:00:00,280
None,261.69,0.0,0.0,1,Clear,sky is clear,2018-04-05 03:00:00,352
None,260.95,0.0,0.0,1,Clear,sky is clear,2018-04-05 04:00:00,910
None,260.69,0.0,0.0,1,Clear,sky is clear,2018-04-05 05:00:00,2815
None,260.29,0.0,0.0,1,Clear,sky is clear,2018-04-05 06:00:00,5560
None,259.65,0.0,0.0,40,Mist,mist,2018-04-05 07:00:00,6297
None,259.78,0.0,0.0,40,Mist,mist,2018-04-05 08:00:00,5887
None,262.43,0.0,0.0,1,Mist,mist,2018-04-05 09:00:00,5389
None,262.43,0.0,0.0,1,Snow,light snow,2018-04-05 09:00:00,5389
None,266.07,0.0,0.0,1,Clear,sky is clear,2018-04-05 10:00:00,4663
None,269.94,0.0,0.0,40,Clouds,scattered clouds,2018-04-05 11:00:00,5078
None,271.93,0.0,0.0,1,Clear,sky is clear,2018-04-05 12:00:00,5535
None,273.36,0.0,0.0,1,Clear,sky is clear,2018-04-05 13:00:00,5492
None,274.58,0.0,0.0,1,Clear,sky is clear,2018-04-05 14:00:00,5535
None,275.44,0.0,0.0,1,Clear,sky is clear,2018-04-05 15:00:00,5705
None,276.08,0.0,0.0,1,Clear,sky is clear,2018-04-05 16:00:00,6642
None,276.35,0.0,0.0,75,Clouds,broken clouds,2018-04-05 17:00:00,6476
None,276.46,0.0,0.0,90,Clouds,overcast clouds,2018-04-05 18:00:00,4992
None,275.35,0.0,0.0,90,Snow,light snow,2018-04-05 19:00:00,3322
None,274.22,0.0,0.0,90,Snow,snow,2018-04-05 20:00:00,3288
None,273.41,0.0,0.0,90,Snow,light snow,2018-04-05 21:00:00,2888
None,273.15,0.0,0.0,40,Clouds,scattered clouds,2018-04-05 22:00:00,2422
None,272.69,0.0,0.0,40,Snow,light snow,2018-04-05 23:00:00,2390
None,271.79,0.0,0.0,90,Snow,light snow,2018-04-06 00:00:00,932
None,270.69,0.0,0.0,1,Snow,light snow,2018-04-06 01:00:00,514
None,269.65,0.0,0.0,1,Snow,light snow,2018-04-06 02:00:00,312
None,268.22,0.0,0.0,1,Clear,sky is clear,2018-04-06 03:00:00,363
None,267.82,0.0,0.0,1,Snow,light snow,2018-04-06 04:00:00,879
None,267.22,0.0,0.0,75,Snow,light snow,2018-04-06 05:00:00,2687
None,266.92,0.0,0.0,90,Snow,light snow,2018-04-06 06:00:00,5211
None,265.22,0.0,0.0,20,Haze,haze,2018-04-06 07:00:00,6253
None,264.02,0.0,0.0,40,Haze,haze,2018-04-06 08:00:00,5738
None,263.28,0.0,0.0,75,Haze,haze,2018-04-06 09:00:00,5067
None,264.21,0.0,0.0,40,Snow,light snow,2018-04-06 10:00:00,4748
None,264.21,0.0,0.0,40,Haze,haze,2018-04-06 10:00:00,4748
None,265.21,0.0,0.0,20,Haze,haze,2018-04-06 11:00:00,5022
None,265.21,0.0,0.0,20,Snow,light snow,2018-04-06 11:00:00,5022
None,265.88,0.0,0.0,1,Haze,haze,2018-04-06 12:00:00,5409
None,266.15,0.0,0.0,1,Clear,sky is clear,2018-04-06 13:00:00,5298
None,266.43,0.0,0.0,5,Clear,sky is clear,2018-04-06 14:00:00,5363
None,266.46,0.0,0.0,5,Clear,sky is clear,2018-04-06 15:00:00,5786
None,267.02,0.0,0.0,5,Clear,sky is clear,2018-04-06 16:00:00,6525
None,266.95,0.0,0.0,5,Clear,sky is clear,2018-04-06 17:00:00,5735
None,266.49,0.0,0.0,1,Clear,sky is clear,2018-04-06 18:00:00,4863
None,266.32,0.0,0.0,1,Clear,sky is clear,2018-04-06 19:00:00,3923
None,265.22,0.0,0.0,1,Clear,sky is clear,2018-04-06 20:00:00,3193
None,264.43,0.0,0.0,1,Clear,sky is clear,2018-04-06 21:00:00,3031
None,264.0,0.0,0.0,1,Clear,sky is clear,2018-04-06 22:00:00,2992
None,263.35,0.0,0.0,1,Clear,sky is clear,2018-04-06 23:00:00,2205
None,262.88,0.0,0.0,1,Snow,light snow,2018-04-07 00:00:00,1196
None,262.75,0.0,0.0,1,Snow,light snow,2018-04-07 01:00:00,657
None,263.08,0.0,0.0,90,Snow,light snow,2018-04-07 02:00:00,496
None,263.02,0.0,0.0,40,Snow,light snow,2018-04-07 03:00:00,381
None,262.82,0.0,0.0,1,Snow,light snow,2018-04-07 04:00:00,342
None,262.49,0.0,0.0,1,Clear,sky is clear,2018-04-07 05:00:00,643
None,262.15,0.0,0.0,1,Snow,light snow,2018-04-07 06:00:00,1221
None,261.89,0.0,0.0,1,Clear,sky is clear,2018-04-07 07:00:00,1995
None,262.01,0.0,0.0,1,Clear,sky is clear,2018-04-07 08:00:00,3074
None,263.75,0.0,0.0,1,Clear,sky is clear,2018-04-07 09:00:00,3960
None,265.61,0.0,0.0,5,Clear,sky is clear,2018-04-07 10:00:00,4304
None,267.0,0.0,0.0,1,Clear,sky is clear,2018-04-07 11:00:00,4771
None,268.48,0.0,0.0,5,Clear,sky is clear,2018-04-07 12:00:00,5298
None,269.75,0.0,0.0,5,Clear,sky is clear,2018-04-07 13:00:00,5126
None,270.62,0.0,0.0,1,Clear,sky is clear,2018-04-07 14:00:00,5237
None,271.28,0.0,0.0,5,Clear,sky is clear,2018-04-07 15:00:00,4908
None,271.65,0.0,0.0,1,Clear,sky is clear,2018-04-07 16:00:00,5118
None,272.15,0.0,0.0,5,Clear,sky is clear,2018-04-07 17:00:00,5441
None,272.29,0.0,0.0,1,Clear,sky is clear,2018-04-07 18:00:00,5019
None,272.07,0.0,0.0,5,Clear,sky is clear,2018-04-07 19:00:00,3699
None,270.95,0.0,0.0,5,Clear,sky is clear,2018-04-07 20:00:00,3079
None,270.22,0.0,0.0,1,Clear,sky is clear,2018-04-07 21:00:00,4104
None,269.37,0.0,0.0,1,Clear,sky is clear,2018-04-07 22:00:00,4107
None,268.22,0.0,0.0,1,Clear,sky is clear,2018-04-07 23:00:00,2740
None,266.87,0.0,0.0,1,Clear,sky is clear,2018-04-08 00:00:00,1578
None,265.36,0.0,0.0,1,Clear,sky is clear,2018-04-08 01:00:00,844
None,264.02,0.0,0.0,1,Clear,sky is clear,2018-04-08 02:00:00,649
None,263.49,0.0,0.0,1,Clear,sky is clear,2018-04-08 03:00:00,401
None,262.82,0.0,0.0,1,Clear,sky is clear,2018-04-08 04:00:00,295
None,262.29,0.0,0.0,1,Clear,sky is clear,2018-04-08 05:00:00,441
None,261.49,0.0,0.0,1,Clear,sky is clear,2018-04-08 06:00:00,976
None,261.42,0.0,0.0,1,Clear,sky is clear,2018-04-08 07:00:00,1357
None,262.62,0.0,0.0,1,Clear,sky is clear,2018-04-08 08:00:00,1910
None,265.94,0.0,0.0,90,Clouds,overcast clouds,2018-04-08 09:00:00,2736
None,268.93,0.0,0.0,90,Clouds,overcast clouds,2018-04-08 10:00:00,3401
None,271.01,0.0,0.0,75,Clouds,broken clouds,2018-04-08 11:00:00,3961
None,271.86,0.0,0.0,1,Clear,sky is clear,2018-04-08 12:00:00,4483
None,272.44,0.0,0.0,75,Clouds,broken clouds,2018-04-08 13:00:00,4423
None,272.62,0.0,0.0,1,Snow,light snow,2018-04-08 14:00:00,4272
None,272.55,0.0,0.0,1,Snow,light snow,2018-04-08 15:00:00,4083
None,272.16,0.0,0.0,90,Snow,light snow,2018-04-08 16:00:00,4389
None,272.16,0.0,0.0,90,Mist,mist,2018-04-08 16:00:00,4389
None,271.89,0.0,0.0,90,Snow,light snow,2018-04-08 17:00:00,3687
None,271.89,0.0,0.0,90,Mist,mist,2018-04-08 17:00:00,3687
None,271.65,0.0,0.0,90,Snow,light snow,2018-04-08 18:00:00,3224
None,271.65,0.0,0.0,90,Mist,mist,2018-04-08 18:00:00,3224
None,271.65,0.0,0.0,90,Fog,fog,2018-04-08 18:00:00,3224
None,271.49,0.0,0.0,90,Snow,light snow,2018-04-08 19:00:00,2455
None,271.49,0.0,0.0,90,Mist,mist,2018-04-08 19:00:00,2455
None,271.49,0.0,0.0,90,Haze,haze,2018-04-08 19:00:00,2455
None,271.37,0.0,0.0,90,Snow,light snow,2018-04-08 20:00:00,2145
None,271.37,0.0,0.0,90,Mist,mist,2018-04-08 20:00:00,2145
None,270.94,0.0,0.0,90,Snow,light snow,2018-04-08 21:00:00,1799
None,270.94,0.0,0.0,90,Mist,mist,2018-04-08 21:00:00,1799
None,270.58,0.0,0.0,90,Snow,light snow,2018-04-08 22:00:00,1425
None,270.58,0.0,0.0,90,Mist,mist,2018-04-08 22:00:00,1425
None,270.58,0.0,0.0,90,Snow,light snow,2018-04-08 23:00:00,992
None,270.58,0.0,0.0,90,Mist,mist,2018-04-08 23:00:00,992
None,270.22,0.0,0.0,90,Snow,light snow,2018-04-09 00:00:00,427
None,270.22,0.0,0.0,90,Mist,mist,2018-04-09 00:00:00,427
None,269.75,0.0,0.0,90,Snow,light snow,2018-04-09 01:00:00,315
None,269.75,0.0,0.0,90,Mist,mist,2018-04-09 01:00:00,315
None,269.43,0.0,0.0,90,Snow,light snow,2018-04-09 02:00:00,251
None,269.43,0.0,0.0,90,Mist,mist,2018-04-09 02:00:00,251
None,268.86,0.0,0.0,90,Mist,mist,2018-04-09 03:00:00,339
None,268.86,0.0,0.0,90,Snow,light snow,2018-04-09 03:00:00,339
None,268.42,0.0,0.0,90,Mist,mist,2018-04-09 04:00:00,869
None,267.62,0.0,0.0,1,Mist,mist,2018-04-09 05:00:00,2704
None,268.0,0.0,0.0,40,Mist,mist,2018-04-09 06:00:00,5192
None,268.0,0.0,0.0,40,Snow,light snow,2018-04-09 06:00:00,5192
None,267.55,0.0,0.0,75,Mist,mist,2018-04-09 07:00:00,6110
None,267.55,0.0,0.0,75,Snow,light snow,2018-04-09 07:00:00,6110
None,267.49,0.0,0.0,90,Mist,mist,2018-04-09 08:00:00,5824
None,267.49,0.0,0.0,90,Snow,light snow,2018-04-09 08:00:00,5824
None,268.81,0.0,0.0,1,Mist,mist,2018-04-09 09:00:00,4933
None,268.81,0.0,0.0,1,Snow,light snow,2018-04-09 09:00:00,4933
None,271.0,0.0,0.0,1,Haze,haze,2018-04-09 10:00:00,4149
None,271.0,0.0,0.0,1,Mist,mist,2018-04-09 10:00:00,4149
None,273.22,0.0,0.0,40,Clouds,scattered clouds,2018-04-09 11:00:00,4276
None,274.28,0.0,0.0,20,Clouds,few clouds,2018-04-09 12:00:00,4516
None,274.86,0.0,0.0,75,Clouds,broken clouds,2018-04-09 13:00:00,4633
None,275.35,0.0,0.0,75,Clouds,broken clouds,2018-04-09 14:00:00,5093
None,275.48,0.0,0.0,90,Clouds,overcast clouds,2018-04-09 15:00:00,5769
None,275.58,0.0,0.0,75,Clouds,broken clouds,2018-04-09 16:00:00,6719
None,275.65,0.0,0.0,90,Clouds,overcast clouds,2018-04-09 17:00:00,6244
None,275.35,0.0,0.0,90,Snow,light snow,2018-04-09 18:00:00,4640
None,275.08,0.0,0.0,90,Clouds,overcast clouds,2018-04-09 19:00:00,3073
None,274.48,0.0,0.0,75,Clouds,broken clouds,2018-04-09 20:00:00,2635
None,273.94,0.0,0.0,75,Clouds,broken clouds,2018-04-09 21:00:00,2048
None,273.51,0.0,0.0,90,Clouds,overcast clouds,2018-04-09 22:00:00,1521
None,273.35,0.0,0.0,90,Clouds,overcast clouds,2018-04-09 23:00:00,983
None,273.09,0.0,0.0,90,Clouds,overcast clouds,2018-04-10 00:00:00,530
None,272.68,0.0,0.0,90,Clouds,overcast clouds,2018-04-10 01:00:00,333
None,272.58,0.0,0.0,90,Clouds,overcast clouds,2018-04-10 02:00:00,235
None,272.58,0.0,0.0,90,Clouds,overcast clouds,2018-04-10 03:00:00,358
None,272.43,0.0,0.0,90,Clouds,overcast clouds,2018-04-10 04:00:00,905
None,272.15,0.0,0.0,90,Snow,light snow,2018-04-10 05:00:00,2902
None,272.21,0.0,0.0,90,Snow,light snow,2018-04-10 06:00:00,5806
None,272.35,0.0,0.0,90,Snow,light snow,2018-04-10 07:00:00,6708
None,272.29,0.0,0.0,90,Clouds,overcast clouds,2018-04-10 08:00:00,6190
None,272.58,0.0,0.0,90,Clouds,overcast clouds,2018-04-10 09:00:00,5221
None,272.79,0.0,0.0,90,Snow,light snow,2018-04-10 10:00:00,4436
None,273.93,0.0,0.0,90,Clouds,overcast clouds,2018-04-10 11:00:00,4714
None,274.15,0.0,0.0,90,Clouds,overcast clouds,2018-04-10 12:00:00,4850
None,274.55,0.0,0.0,90,Clouds,overcast clouds,2018-04-10 13:00:00,5099
None,275.25,0.0,0.0,68,Clouds,broken clouds,2018-04-10 14:00:00,5315
None,275.84,0.0,0.0,90,Snow,light snow,2018-04-10 15:00:00,5784
None,276.28,0.0,0.0,75,Clouds,broken clouds,2018-04-10 16:00:00,7013
None,277.08,0.0,0.0,75,Clouds,broken clouds,2018-04-10 17:00:00,6304
None,277.08,0.0,0.0,75,Clouds,broken clouds,2018-04-10 18:00:00,4606
None,277.15,0.0,0.0,75,Clouds,broken clouds,2018-04-10 19:00:00,3190
None,276.75,0.0,0.0,40,Clouds,scattered clouds,2018-04-10 20:00:00,2829
None,275.89,0.0,0.0,5,Clear,sky is clear,2018-04-10 21:00:00,2337
None,275.37,0.0,0.0,1,Clear,sky is clear,2018-04-10 22:00:00,1738
None,275.08,0.0,0.0,1,Mist,mist,2018-04-10 23:00:00,1007
None,269.332,0.0,0.0,36,Clouds,scattered clouds,2018-04-11 00:00:00,562
None,273.34,0.0,0.0,40,Mist,mist,2018-04-11 01:00:00,344
None,273.22,0.0,0.0,1,Mist,mist,2018-04-11 02:00:00,259
None,272.82,0.0,0.0,1,Mist,mist,2018-04-11 03:00:00,374
None,272.82,0.0,0.0,1,Fog,fog,2018-04-11 03:00:00,374
None,272.56,0.0,0.0,1,Mist,mist,2018-04-11 04:00:00,886
None,272.56,0.0,0.0,1,Fog,fog,2018-04-11 04:00:00,886
None,271.94,0.0,0.0,1,Mist,mist,2018-04-11 05:00:00,2843
None,271.89,0.0,0.0,1,Mist,mist,2018-04-11 06:00:00,5670
None,270.69,0.0,0.0,90,Mist,mist,2018-04-11 07:00:00,6495
None,270.69,0.0,0.0,90,Fog,fog,2018-04-11 07:00:00,6495
None,271.58,0.0,0.0,75,Mist,mist,2018-04-11 08:00:00,5887
None,273.48,0.0,0.0,1,Mist,mist,2018-04-11 09:00:00,5581
None,275.48,0.0,0.0,1,Clear,sky is clear,2018-04-11 10:00:00,4791
None,276.94,0.0,0.0,75,Clouds,broken clouds,2018-04-11 11:00:00,5123
None,278.55,0.0,0.0,1,Clear,sky is clear,2018-04-11 12:00:00,4964
None,279.55,0.0,0.0,75,Clouds,broken clouds,2018-04-11 13:00:00,4982
None,279.87,0.0,0.0,90,Clouds,overcast clouds,2018-04-11 14:00:00,5169
None,280.58,0.0,0.0,75,Clouds,broken clouds,2018-04-11 15:00:00,5768
None,281.08,0.0,0.0,90,Clouds,overcast clouds,2018-04-11 16:00:00,6988
None,281.08,0.0,0.0,90,Clouds,overcast clouds,2018-04-11 17:00:00,6744
None,280.75,0.0,0.0,90,Clouds,overcast clouds,2018-04-11 18:00:00,4955
None,280.29,0.0,0.0,90,Clouds,overcast clouds,2018-04-11 19:00:00,3308
None,279.79,0.0,0.0,90,Clouds,overcast clouds,2018-04-11 20:00:00,2804
None,279.15,0.0,0.0,90,Rain,light rain,2018-04-11 21:00:00,2418
None,279.15,0.0,0.0,90,Drizzle,light intensity drizzle,2018-04-11 21:00:00,2418
None,278.48,0.0,0.0,90,Rain,moderate rain,2018-04-11 22:00:00,1603
None,278.42,0.0,0.0,90,Drizzle,light intensity drizzle,2018-04-11 23:00:00,1099
None,278.42,0.0,0.0,90,Rain,moderate rain,2018-04-11 23:00:00,1099
None,277.94,0.0,0.0,90,Rain,light rain,2018-04-12 00:00:00,531
None,277.94,0.0,0.0,90,Drizzle,light intensity drizzle,2018-04-12 00:00:00,531
None,277.09,0.0,0.0,75,Rain,light rain,2018-04-12 01:00:00,310
None,276.87,0.0,0.0,40,Drizzle,drizzle,2018-04-12 02:00:00,291
None,276.22,0.0,0.0,90,Mist,mist,2018-04-12 03:00:00,331
None,275.56,0.0,0.0,1,Clear,sky is clear,2018-04-12 04:00:00,949
None,274.94,0.0,0.0,1,Clear,sky is clear,2018-04-12 05:00:00,2857
None,274.31,0.0,0.0,20,Mist,mist,2018-04-12 06:00:00,5772
None,273.72,0.0,0.0,1,Mist,mist,2018-04-12 07:00:00,6475
None,275.08,0.0,0.0,1,Mist,mist,2018-04-12 08:00:00,6198
None,276.15,0.0,0.0,20,Mist,mist,2018-04-12 09:00:00,5391
None,277.57,0.0,0.0,75,Clouds,broken clouds,2018-04-12 10:00:00,4743
None,279.0,0.0,0.0,75,Clouds,broken clouds,2018-04-12 11:00:00,4982
None,279.81,0.0,0.0,90,Clouds,overcast clouds,2018-04-12 12:00:00,5317
None,280.54,0.0,0.0,90,Clouds,overcast clouds,2018-04-12 13:00:00,5322
None,280.93,0.0,0.0,90,Clouds,overcast clouds,2018-04-12 14:00:00,5574
None,281.61,0.0,0.0,75,Clouds,broken clouds,2018-04-12 15:00:00,6252
None,282.0,0.0,0.0,75,Clouds,broken clouds,2018-04-12 16:00:00,7213
None,281.72,0.0,0.0,75,Clouds,broken clouds,2018-04-12 17:00:00,6811
None,281.15,0.0,0.0,1,Clear,sky is clear,2018-04-12 18:00:00,5064
None,280.42,0.0,0.0,90,Clouds,overcast clouds,2018-04-12 19:00:00,3697
None,279.28,0.0,0.0,90,Clouds,overcast clouds,2018-04-12 20:00:00,3082
None,278.62,0.0,0.0,90,Clouds,overcast clouds,2018-04-12 21:00:00,2762
None,278.22,0.0,0.0,1,Clear,sky is clear,2018-04-12 22:00:00,2053
None,277.69,0.0,0.0,75,Clouds,broken clouds,2018-04-12 23:00:00,1168
None,277.15,0.0,0.0,1,Clear,sky is clear,2018-04-13 00:00:00,633
None,276.65,0.0,0.0,90,Clouds,overcast clouds,2018-04-13 01:00:00,387
None,276.42,0.0,0.0,1,Clear,sky is clear,2018-04-13 02:00:00,306
None,276.22,0.0,0.0,1,Clear,sky is clear,2018-04-13 03:00:00,356
None,275.87,0.0,0.0,1,Clear,sky is clear,2018-04-13 04:00:00,846
None,276.02,0.0,0.0,40,Clouds,scattered clouds,2018-04-13 05:00:00,2721
None,275.72,0.0,0.0,75,Clouds,broken clouds,2018-04-13 06:00:00,5426
None,275.95,0.0,0.0,40,Rain,light rain,2018-04-13 07:00:00,6585
None,275.94,0.0,0.0,90,Rain,light rain,2018-04-13 08:00:00,5894
None,276.28,0.0,0.0,40,Drizzle,light intensity drizzle,2018-04-13 09:00:00,5227
None,276.28,0.0,0.0,40,Rain,light rain,2018-04-13 09:00:00,5227
None,276.65,0.0,0.0,75,Rain,light rain,2018-04-13 10:00:00,4853
None,276.72,0.0,0.0,90,Thunderstorm,thunderstorm,2018-04-13 11:00:00,5233
None,276.72,0.0,0.0,90,Drizzle,light intensity drizzle,2018-04-13 11:00:00,5233
None,276.99,0.0,0.0,90,Drizzle,light intensity drizzle,2018-04-13 12:00:00,5302
None,276.99,0.0,0.0,90,Rain,light rain,2018-04-13 12:00:00,5302
None,276.88,0.0,0.0,90,Snow,sleet,2018-04-13 13:00:00,5174
None,276.88,0.0,0.0,90,Rain,light rain,2018-04-13 13:00:00,5174
None,276.88,0.0,0.0,90,Mist,mist,2018-04-13 13:00:00,5174
None,277.15,0.0,0.0,90,Rain,light rain,2018-04-13 14:00:00,5330
None,277.28,0.0,0.0,90,Rain,light rain,2018-04-13 15:00:00,5953
None,276.95,0.0,0.0,90,Thunderstorm,proximity thunderstorm,2018-04-13 16:00:00,6686
None,276.95,0.0,0.0,90,Rain,moderate rain,2018-04-13 16:00:00,6686
None,276.95,0.0,0.0,90,Drizzle,shower drizzle,2018-04-13 16:00:00,6686
None,276.08,0.0,0.0,90,Rain,light rain,2018-04-13 17:00:00,5687
None,276.08,0.0,0.0,90,Drizzle,light intensity drizzle,2018-04-13 17:00:00,5687
None,275.72,0.0,0.0,90,Rain,light rain,2018-04-13 18:00:00,4167
None,275.72,0.0,0.0,90,Drizzle,light intensity drizzle,2018-04-13 18:00:00,4167
None,275.72,0.0,0.0,90,Mist,mist,2018-04-13 18:00:00,4167
None,275.22,0.0,0.0,90,Rain,moderate rain,2018-04-13 19:00:00,2882
None,275.22,0.0,0.0,90,Snow,light snow,2018-04-13 19:00:00,2882
None,275.22,0.0,0.0,90,Drizzle,drizzle,2018-04-13 19:00:00,2882
None,274.51,0.0,0.0,90,Rain,light rain,2018-04-13 20:00:00,2320
None,274.51,0.0,0.0,90,Snow,light snow,2018-04-13 20:00:00,2320
None,274.51,0.0,0.0,90,Mist,mist,2018-04-13 20:00:00,2320
None,274.51,0.0,0.0,90,Drizzle,shower drizzle,2018-04-13 20:00:00,2320
None,273.79,0.0,0.0,90,Snow,light snow,2018-04-13 21:00:00,2158
None,273.79,0.0,0.0,90,Mist,mist,2018-04-13 21:00:00,2158
None,273.79,0.0,0.0,90,Thunderstorm,proximity thunderstorm,2018-04-13 21:00:00,2158
None,273.79,0.0,0.0,90,Rain,light rain,2018-04-13 21:00:00,2158
None,273.79,0.0,0.0,90,Drizzle,shower drizzle,2018-04-13 21:00:00,2158
None,273.22,0.0,0.0,90,Snow,snow,2018-04-13 22:00:00,1773
None,273.22,0.0,0.0,90,Mist,mist,2018-04-13 22:00:00,1773
None,273.22,0.0,0.0,90,Rain,light rain,2018-04-13 22:00:00,1773
None,273.22,0.0,0.0,90,Fog,fog,2018-04-13 22:00:00,1773
None,272.82,0.0,0.0,90,Snow,snow,2018-04-13 23:00:00,1143
None,272.82,0.0,0.0,90,Mist,mist,2018-04-13 23:00:00,1143
None,272.82,0.0,0.0,90,Fog,fog,2018-04-13 23:00:00,1143
None,272.73,0.0,0.0,90,Snow,snow,2018-04-14 00:00:00,625
None,272.73,0.0,0.0,90,Mist,mist,2018-04-14 00:00:00,625
None,272.62,0.0,0.0,90,Snow,light snow,2018-04-14 01:00:00,441
None,272.62,0.0,0.0,90,Mist,mist,2018-04-14 01:00:00,441
None,272.62,0.0,0.0,90,Rain,light rain,2018-04-14 01:00:00,441
None,272.22,0.0,0.0,90,Snow,light snow,2018-04-14 02:00:00,397
None,272.22,0.0,0.0,90,Mist,mist,2018-04-14 02:00:00,397
None,272.22,0.0,0.0,90,Rain,light rain,2018-04-14 02:00:00,397
None,272.3,0.0,0.0,90,Snow,light snow,2018-04-14 03:00:00,309
None,272.3,0.0,0.0,90,Mist,mist,2018-04-14 03:00:00,309
None,272.3,0.0,0.0,90,Mist,mist,2018-04-14 04:00:00,300
None,272.3,0.0,0.0,90,Snow,light snow,2018-04-14 04:00:00,300
None,272.3,0.0,0.0,90,Haze,haze,2018-04-14 04:00:00,300
None,272.36,0.0,0.0,90,Rain,light rain,2018-04-14 05:00:00,540
None,272.36,0.0,0.0,90,Rain,light rain,2018-04-14 06:00:00,986
None,272.36,0.0,0.0,90,Snow,light snow,2018-04-14 06:00:00,986
None,272.01,0.0,0.0,90,Rain,light rain,2018-04-14 07:00:00,1311
None,272.01,0.0,0.0,90,Snow,light snow,2018-04-14 07:00:00,1311
None,271.87,0.0,0.0,90,Snow,light snow,2018-04-14 08:00:00,1489
None,271.87,0.0,0.0,90,Rain,light rain,2018-04-14 08:00:00,1489
None,271.87,0.0,0.0,90,Mist,mist,2018-04-14 08:00:00,1489
None,271.09,0.0,0.0,90,Snow,snow,2018-04-14 09:00:00,1755
None,271.09,0.0,0.0,90,Mist,mist,2018-04-14 09:00:00,1755
None,271.09,0.0,0.0,90,Rain,light rain,2018-04-14 09:00:00,1755
None,271.09,0.0,0.0,90,Fog,fog,2018-04-14 09:00:00,1755
None,271.09,0.0,0.0,90,Haze,haze,2018-04-14 09:00:00,1755
None,270.49,0.0,0.0,90,Snow,snow,2018-04-14 10:00:00,1978
None,270.49,0.0,0.0,90,Mist,mist,2018-04-14 10:00:00,1978
None,270.49,0.0,0.0,90,Rain,light rain,2018-04-14 10:00:00,1978
None,270.49,0.0,0.0,90,Fog,fog,2018-04-14 10:00:00,1978
None,270.22,0.0,0.0,90,Snow,snow,2018-04-14 11:00:00,2153
None,270.22,0.0,0.0,90,Mist,mist,2018-04-14 11:00:00,2153
None,270.22,0.0,0.0,90,Rain,light rain,2018-04-14 11:00:00,2153
None,270.22,0.0,0.0,90,Haze,haze,2018-04-14 11:00:00,2153
None,270.15,0.0,0.0,90,Snow,snow,2018-04-14 12:00:00,2147
None,270.15,0.0,0.0,90,Mist,mist,2018-04-14 12:00:00,2147
None,270.15,0.0,0.0,90,Rain,light rain,2018-04-14 12:00:00,2147
None,270.01,0.0,0.0,90,Snow,heavy snow,2018-04-14 13:00:00,1987
None,270.01,0.0,0.0,90,Fog,fog,2018-04-14 13:00:00,1987
None,270.01,0.0,0.0,90,Rain,light rain,2018-04-14 13:00:00,1987
None,270.01,0.0,0.0,90,Haze,haze,2018-04-14 13:00:00,1987
None,269.89,0.0,0.0,92,Snow,snow,2018-04-14 14:00:00,1822
None,269.89,0.0,0.0,92,Fog,fog,2018-04-14 14:00:00,1822
None,269.79,0.0,0.0,90,Snow,heavy snow,2018-04-14 15:00:00,1881
None,269.79,0.0,0.0,90,Fog,fog,2018-04-14 15:00:00,1881
None,269.51,0.0,0.0,90,Snow,heavy snow,2018-04-14 16:00:00,1461
None,269.51,0.0,0.0,90,Fog,fog,2018-04-14 16:00:00,1461
None,269.51,0.0,0.0,90,Thunderstorm,proximity thunderstorm,2018-04-14 16:00:00,1461
None,269.35,0.0,0.0,90,Snow,heavy snow,2018-04-14 17:00:00,1478
None,269.35,0.0,0.0,90,Fog,fog,2018-04-14 17:00:00,1478
None,269.21,0.0,0.0,90,Snow,heavy snow,2018-04-14 18:00:00,1068
None,269.21,0.0,0.0,90,Fog,fog,2018-04-14 18:00:00,1068
None,268.95,0.0,0.0,90,Snow,heavy snow,2018-04-14 19:00:00,881
None,268.95,0.0,0.0,90,Fog,fog,2018-04-14 19:00:00,881
None,268.95,0.0,0.0,90,Mist,mist,2018-04-14 19:00:00,881
None,268.68,0.0,0.0,90,Snow,snow,2018-04-14 20:00:00,618
None,268.68,0.0,0.0,90,Fog,fog,2018-04-14 20:00:00,618
None,268.68,0.0,0.0,90,Mist,mist,2018-04-14 20:00:00,618
None,268.68,0.0,0.0,90,Haze,haze,2018-04-14 20:00:00,618
None,268.42,0.0,0.0,90,Snow,snow,2018-04-14 21:00:00,707
None,268.42,0.0,0.0,90,Fog,fog,2018-04-14 21:00:00,707
None,268.42,0.0,0.0,90,Mist,mist,2018-04-14 21:00:00,707
None,268.35,0.0,0.0,90,Snow,light snow,2018-04-14 22:00:00,594
None,268.35,0.0,0.0,90,Fog,fog,2018-04-14 22:00:00,594
None,268.35,0.0,0.0,90,Mist,mist,2018-04-14 22:00:00,594
None,268.15,0.0,0.0,90,Snow,snow,2018-04-14 23:00:00,526
None,268.15,0.0,0.0,90,Mist,mist,2018-04-14 23:00:00,526
None,268.15,0.0,0.0,90,Fog,fog,2018-04-14 23:00:00,526
None,268.02,0.0,0.0,90,Snow,light snow,2018-04-15 00:00:00,353
None,268.02,0.0,0.0,90,Mist,mist,2018-04-15 00:00:00,353
None,268.02,0.0,0.0,90,Fog,fog,2018-04-15 00:00:00,353
None,268.08,0.0,0.0,90,Snow,light snow,2018-04-15 01:00:00,259
None,268.08,0.0,0.0,90,Mist,mist,2018-04-15 01:00:00,259
None,268.08,0.0,0.0,90,Fog,fog,2018-04-15 01:00:00,259
None,267.92,0.0,0.0,90,Snow,light snow,2018-04-15 02:00:00,198
None,267.92,0.0,0.0,90,Mist,mist,2018-04-15 02:00:00,198
None,267.92,0.0,0.0,90,Fog,fog,2018-04-15 02:00:00,198
None,268.01,0.0,0.0,90,Snow,light snow,2018-04-15 03:00:00,151
None,268.01,0.0,0.0,90,Mist,mist,2018-04-15 03:00:00,151
None,268.01,0.0,0.0,90,Fog,fog,2018-04-15 03:00:00,151
None,268.08,0.0,0.0,90,Snow,light snow,2018-04-15 04:00:00,175
None,268.08,0.0,0.0,90,Mist,mist,2018-04-15 04:00:00,175
None,268.08,0.0,0.0,90,Fog,fog,2018-04-15 04:00:00,175
None,268.3,0.0,0.0,90,Snow,light snow,2018-04-15 05:00:00,301
None,268.3,0.0,0.0,90,Mist,mist,2018-04-15 05:00:00,301
None,268.3,0.0,0.0,90,Fog,fog,2018-04-15 05:00:00,301
None,268.79,0.0,0.0,90,Snow,snow,2018-04-15 06:00:00,490
None,268.79,0.0,0.0,90,Fog,fog,2018-04-15 06:00:00,490
None,268.79,0.0,0.0,90,Mist,mist,2018-04-15 06:00:00,490
None,269.22,0.0,0.0,90,Snow,light snow,2018-04-15 07:00:00,634
None,269.22,0.0,0.0,90,Fog,fog,2018-04-15 07:00:00,634
None,269.36,0.0,0.0,90,Snow,light snow,2018-04-15 08:00:00,674
None,269.36,0.0,0.0,90,Mist,mist,2018-04-15 08:00:00,674
None,269.36,0.0,0.0,90,Haze,haze,2018-04-15 08:00:00,674
None,269.58,0.0,0.0,90,Snow,light snow,2018-04-15 09:00:00,984
None,269.58,0.0,0.0,90,Mist,mist,2018-04-15 09:00:00,984
None,269.58,0.0,0.0,90,Haze,haze,2018-04-15 09:00:00,984
None,269.94,0.0,0.0,90,Snow,light snow,2018-04-15 10:00:00,1494
None,269.94,0.0,0.0,90,Mist,mist,2018-04-15 10:00:00,1494
None,270.28,0.0,0.0,90,Snow,light snow,2018-04-15 11:00:00,1794
None,270.28,0.0,0.0,90,Mist,mist,2018-04-15 11:00:00,1794
None,270.88,0.0,0.0,90,Snow,light snow,2018-04-15 12:00:00,2037
None,271.0,0.0,0.0,90,Snow,light snow,2018-04-15 13:00:00,2205
None,271.0,0.0,0.0,90,Mist,mist,2018-04-15 13:00:00,2205
None,271.0,0.0,0.0,90,Haze,haze,2018-04-15 13:00:00,2205
None,271.35,0.0,0.0,90,Snow,light snow,2018-04-15 14:00:00,2406
None,271.35,0.0,0.0,90,Mist,mist,2018-04-15 14:00:00,2406
None,271.01,0.0,0.0,90,Snow,snow,2018-04-15 15:00:00,2171
None,271.01,0.0,0.0,90,Mist,mist,2018-04-15 15:00:00,2171
None,270.58,0.0,0.0,90,Snow,snow,2018-04-15 16:00:00,2109
None,270.58,0.0,0.0,90,Fog,fog,2018-04-15 16:00:00,2109
None,270.62,0.0,0.0,90,Snow,snow,2018-04-15 17:00:00,1849
None,270.62,0.0,0.0,90,Mist,mist,2018-04-15 17:00:00,1849
None,270.62,0.0,0.0,90,Fog,fog,2018-04-15 17:00:00,1849
None,270.48,0.0,0.0,90,Snow,heavy snow,2018-04-15 18:00:00,1659
None,270.48,0.0,0.0,90,Mist,mist,2018-04-15 18:00:00,1659
None,270.48,0.0,0.0,90,Fog,fog,2018-04-15 18:00:00,1659
None,269.84,0.0,0.0,90,Snow,snow,2018-04-15 19:00:00,1417
None,269.84,0.0,0.0,90,Fog,fog,2018-04-15 19:00:00,1417
None,269.72,0.0,0.0,90,Snow,snow,2018-04-15 20:00:00,1642
None,269.72,0.0,0.0,90,Fog,fog,2018-04-15 20:00:00,1642
None,269.72,0.0,0.0,90,Mist,mist,2018-04-15 20:00:00,1642
None,269.43,0.0,0.0,90,Snow,light snow,2018-04-15 21:00:00,2809
None,269.43,0.0,0.0,90,Mist,mist,2018-04-15 21:00:00,2809
None,268.86,0.0,0.0,90,Snow,light snow,2018-04-15 22:00:00,1203
None,268.86,0.0,0.0,90,Mist,mist,2018-04-15 22:00:00,1203
None,268.79,0.0,0.0,90,Snow,light snow,2018-04-15 23:00:00,706
None,268.79,0.0,0.0,90,Mist,mist,2018-04-15 23:00:00,706
None,268.79,0.0,0.0,90,Snow,light snow,2018-04-16 00:00:00,407
None,268.79,0.0,0.0,90,Mist,mist,2018-04-16 00:00:00,407
None,268.79,0.0,0.0,90,Haze,haze,2018-04-16 00:00:00,407
None,268.72,0.0,0.0,90,Snow,light snow,2018-04-16 01:00:00,272
None,268.69,0.0,0.0,20,Snow,light snow,2018-04-16 02:00:00,247
None,268.69,0.0,0.0,90,Snow,light snow,2018-04-16 03:00:00,357
None,268.5,0.0,0.0,75,Snow,light snow,2018-04-16 04:00:00,779
None,268.84,0.0,0.0,90,Snow,light snow,2018-04-16 05:00:00,2238
None,268.72,0.0,0.0,75,Snow,light snow,2018-04-16 06:00:00,4364
None,268.69,0.0,0.0,40,Snow,light snow,2018-04-16 07:00:00,4963
None,268.77,0.0,0.0,90,Snow,light snow,2018-04-16 08:00:00,4463
None,268.77,0.0,0.0,90,Mist,mist,2018-04-16 08:00:00,4463
None,269.43,0.0,0.0,75,Haze,haze,2018-04-16 09:00:00,4045
None,270.36,0.0,0.0,1,Clear,sky is clear,2018-04-16 10:00:00,3626
None,271.15,0.0,0.0,90,Snow,light snow,2018-04-16 11:00:00,3860
None,272.01,0.0,0.0,90,Snow,light snow,2018-04-16 12:00:00,4149
None,272.46,0.0,0.0,90,Clouds,overcast clouds,2018-04-16 13:00:00,4110
None,272.91,0.0,0.0,90,Clouds,overcast clouds,2018-04-16 14:00:00,4387
None,273.23,0.0,0.0,90,Clouds,overcast clouds,2018-04-16 15:00:00,4942
None,273.84,0.0,0.0,90,Clouds,overcast clouds,2018-04-16 16:00:00,5788
None,274.43,0.0,0.0,90,Clouds,overcast clouds,2018-04-16 17:00:00,5567
None,275.0,0.0,0.0,90,Clouds,overcast clouds,2018-04-16 18:00:00,4061
None,275.23,0.0,0.0,75,Clouds,broken clouds,2018-04-16 19:00:00,2979
None,274.65,0.0,0.0,90,Clouds,overcast clouds,2018-04-16 20:00:00,2556
None,274.44,0.0,0.0,90,Clouds,overcast clouds,2018-04-16 21:00:00,2100
None,274.01,0.0,0.0,90,Clouds,overcast clouds,2018-04-16 22:00:00,1489
None,273.86,0.0,0.0,90,Clouds,overcast clouds,2018-04-16 23:00:00,978
None,273.77,0.0,0.0,40,Clouds,scattered clouds,2018-04-17 00:00:00,524
None,272.94,0.0,0.0,1,Clear,sky is clear,2018-04-17 01:00:00,336
None,271.38,0.0,0.0,1,Clear,sky is clear,2018-04-17 02:00:00,271
None,270.65,0.0,0.0,1,Clear,sky is clear,2018-04-17 03:00:00,347
None,270.46,0.0,0.0,1,Clear,sky is clear,2018-04-17 04:00:00,898
None,269.61,0.0,0.0,1,Clear,sky is clear,2018-04-17 05:00:00,2848
None,269.46,0.0,0.0,1,Clear,sky is clear,2018-04-17 06:00:00,5516
None,268.62,0.0,0.0,1,Clear,sky is clear,2018-04-17 07:00:00,6208
None,269.0,0.0,0.0,5,Clear,sky is clear,2018-04-17 08:00:00,5892
None,271.14,0.0,0.0,5,Clear,sky is clear,2018-04-17 09:00:00,5677
None,273.15,0.0,0.0,5,Clear,sky is clear,2018-04-17 10:00:00,4456
None,274.0,0.0,0.0,1,Clear,sky is clear,2018-04-17 11:00:00,4715
None,275.07,0.0,0.0,1,Clear,sky is clear,2018-04-17 12:00:00,4962
None,275.99,0.0,0.0,5,Clear,sky is clear,2018-04-17 13:00:00,4913
None,276.61,0.0,0.0,1,Clear,sky is clear,2018-04-17 14:00:00,5220
None,277.58,0.0,0.0,1,Clear,sky is clear,2018-04-17 15:00:00,5844
None,278.3,0.0,0.0,5,Clear,sky is clear,2018-04-17 16:00:00,6657
None,278.84,0.0,0.0,5,Clear,sky is clear,2018-04-17 17:00:00,6277
None,279.23,0.0,0.0,40,Clouds,scattered clouds,2018-04-17 18:00:00,4827
None,279.0,0.0,0.0,40,Clouds,scattered clouds,2018-04-17 19:00:00,3481
None,278.15,0.0,0.0,75,Clouds,broken clouds,2018-04-17 20:00:00,2877
None,277.01,0.0,0.0,75,Clouds,broken clouds,2018-04-17 21:00:00,3418
None,275.87,0.0,0.0,1,Clear,sky is clear,2018-04-17 22:00:00,3294
None,275.58,0.0,0.0,1,Clear,sky is clear,2018-04-17 23:00:00,1297
None,275.61,0.0,0.0,90,Clouds,overcast clouds,2018-04-18 00:00:00,826
None,275.23,0.0,0.0,1,Clear,sky is clear,2018-04-18 01:00:00,594
None,274.45,0.0,0.0,1,Clear,sky is clear,2018-04-18 02:00:00,431
None,273.61,0.0,0.0,1,Clear,sky is clear,2018-04-18 03:00:00,521
None,272.58,0.0,0.0,1,Clear,sky is clear,2018-04-18 04:00:00,975
None,272.23,0.0,0.0,1,Clear,sky is clear,2018-04-18 05:00:00,2986
None,272.46,0.0,0.0,1,Thunderstorm,proximity thunderstorm,2018-04-18 06:00:00,5943
None,272.44,0.0,0.0,90,Thunderstorm,proximity thunderstorm,2018-04-18 07:00:00,6871
None,272.99,0.0,0.0,90,Clouds,overcast clouds,2018-04-18 08:00:00,6614
None,273.46,0.0,0.0,90,Clouds,overcast clouds,2018-04-18 09:00:00,5378
None,273.99,0.0,0.0,90,Clouds,overcast clouds,2018-04-18 10:00:00,4751
None,274.23,0.0,0.0,90,Snow,light snow,2018-04-18 11:00:00,4824
None,274.23,0.0,0.0,90,Haze,haze,2018-04-18 11:00:00,4824
None,274.37,0.0,0.0,90,Snow,light snow,2018-04-18 12:00:00,5013
None,274.37,0.0,0.0,90,Haze,haze,2018-04-18 12:00:00,5013
None,274.65,0.0,0.0,90,Haze,haze,2018-04-18 13:00:00,5017
None,275.3,0.0,0.0,90,Clouds,overcast clouds,2018-04-18 14:00:00,5437
None,275.58,0.0,0.0,90,Clouds,overcast clouds,2018-04-18 15:00:00,5835
None,276.23,0.0,0.0,90,Snow,light snow,2018-04-18 16:00:00,7022
None,276.52,0.0,0.0,90,Snow,light snow,2018-04-18 17:00:00,6459
None,276.52,0.0,0.0,90,Rain,moderate rain,2018-04-18 17:00:00,6459
None,277.73,0.0,0.0,90,Clouds,overcast clouds,2018-04-18 18:00:00,4663
None,278.01,0.0,0.0,90,Clouds,overcast clouds,2018-04-18 19:00:00,3393
None,277.8,0.0,0.0,75,Clouds,broken clouds,2018-04-18 20:00:00,3034
None,277.38,0.0,0.0,75,Clouds,broken clouds,2018-04-18 21:00:00,2604
None,276.72,0.0,0.0,1,Clear,sky is clear,2018-04-18 22:00:00,1726
None,276.01,0.0,0.0,1,Clear,sky is clear,2018-04-18 23:00:00,1085
None,275.02,0.0,0.0,1,Clear,sky is clear,2018-04-19 00:00:00,561
None,273.51,0.0,0.0,1,Clear,sky is clear,2018-04-19 01:00:00,351
None,271.63,0.0,0.0,1,Clear,sky is clear,2018-04-19 02:00:00,275
None,270.65,0.0,0.0,1,Clear,sky is clear,2018-04-19 03:00:00,361
None,269.76,0.0,0.0,1,Clear,sky is clear,2018-04-19 04:00:00,909
None,269.35,0.0,0.0,1,Clear,sky is clear,2018-04-19 05:00:00,2885
None,269.22,0.0,0.0,1,Clear,sky is clear,2018-04-19 06:00:00,5715
None,269.15,0.0,0.0,1,Clear,sky is clear,2018-04-19 07:00:00,6461
None,269.86,0.0,0.0,75,Clouds,broken clouds,2018-04-19 08:00:00,6046
None,272.6,0.0,0.0,75,Clouds,broken clouds,2018-04-19 09:00:00,5842
None,276.36,0.0,0.0,75,Clouds,broken clouds,2018-04-19 10:00:00,4882
None,279.0,0.0,0.0,1,Clear,sky is clear,2018-04-19 11:00:00,5035
None,280.21,0.0,0.0,5,Clear,sky is clear,2018-04-19 12:00:00,5027
None,280.88,0.0,0.0,5,Clear,sky is clear,2018-04-19 13:00:00,5110
None,281.43,0.0,0.0,5,Clear,sky is clear,2018-04-19 14:00:00,5444
None,282.08,0.0,0.0,20,Clouds,few clouds,2018-04-19 15:00:00,6188
None,282.72,0.0,0.0,5,Clear,sky is clear,2018-04-19 16:00:00,6851
None,282.75,0.0,0.0,5,Clear,sky is clear,2018-04-19 17:00:00,6368
None,282.88,0.0,0.0,1,Clear,sky is clear,2018-04-19 18:00:00,4978
None,282.62,0.0,0.0,5,Clear,sky is clear,2018-04-19 19:00:00,3676
None,281.49,0.0,0.0,20,Clouds,few clouds,2018-04-19 20:00:00,3471
None,279.15,0.0,0.0,20,Clouds,few clouds,2018-04-19 21:00:00,3451
None,277.02,0.0,0.0,1,Clear,sky is clear,2018-04-19 22:00:00,2148
None,275.95,0.0,0.0,1,Clear,sky is clear,2018-04-19 23:00:00,1273
None,274.42,0.0,0.0,1,Clear,sky is clear,2018-04-20 00:00:00,712
None,273.08,0.0,0.0,1,Clear,sky is clear,2018-04-20 01:00:00,417
None,272.29,0.0,0.0,1,Clear,sky is clear,2018-04-20 02:00:00,322
None,271.58,0.0,0.0,1,Clear,sky is clear,2018-04-20 03:00:00,393
None,271.49,0.0,0.0,1,Clear,sky is clear,2018-04-20 04:00:00,830
None,270.36,0.0,0.0,1,Clear,sky is clear,2018-04-20 05:00:00,2691
None,270.08,0.0,0.0,1,Clear,sky is clear,2018-04-20 06:00:00,5492
None,269.58,0.0,0.0,75,Clouds,broken clouds,2018-04-20 07:00:00,6626
None,270.75,0.0,0.0,1,Clear,sky is clear,2018-04-20 08:00:00,6126
None,273.47,0.0,0.0,75,Clouds,broken clouds,2018-04-20 09:00:00,5141
None,276.0,0.0,0.0,75,Clouds,broken clouds,2018-04-20 10:00:00,4670
None,278.57,0.0,0.0,75,Clouds,broken clouds,2018-04-20 11:00:00,5200
None,280.84,0.0,0.0,1,Clear,sky is clear,2018-04-20 12:00:00,5433
None,281.68,0.0,0.0,75,Clouds,broken clouds,2018-04-20 13:00:00,5370
None,282.36,0.0,0.0,1,Clear,sky is clear,2018-04-20 14:00:00,5803
None,282.23,0.0,0.0,1,Clear,sky is clear,2018-04-20 15:00:00,6383
None,283.22,0.0,0.0,1,Clear,sky is clear,2018-04-20 16:00:00,6900
None,283.42,0.0,0.0,75,Clouds,broken clouds,2018-04-20 17:00:00,6268
None,283.35,0.0,0.0,75,Clouds,broken clouds,2018-04-20 18:00:00,4959
None,282.49,0.0,0.0,1,Clear,sky is clear,2018-04-20 19:00:00,4091
None,281.29,0.0,0.0,90,Clouds,overcast clouds,2018-04-20 20:00:00,3552
None,279.69,0.0,0.0,75,Clouds,broken clouds,2018-04-20 21:00:00,3538
None,278.15,0.0,0.0,1,Clear,sky is clear,2018-04-20 22:00:00,2842
None,276.72,0.0,0.0,1,Clear,sky is clear,2018-04-20 23:00:00,1977
None,275.79,0.0,0.0,1,Clear,sky is clear,2018-04-21 00:00:00,1291
None,274.8,0.0,0.0,1,Clear,sky is clear,2018-04-21 01:00:00,732
None,273.94,0.0,0.0,1,Clear,sky is clear,2018-04-21 02:00:00,526
None,273.36,0.0,0.0,1,Clear,sky is clear,2018-04-21 03:00:00,386
None,273.55,0.0,0.0,1,Clear,sky is clear,2018-04-21 04:00:00,369
None,274.02,0.0,0.0,1,Clear,sky is clear,2018-04-21 05:00:00,683
None,273.72,0.0,0.0,1,Clear,sky is clear,2018-04-21 06:00:00,1418
None,273.58,0.0,0.0,75,Clouds,broken clouds,2018-04-21 07:00:00,2307
None,274.28,0.0,0.0,1,Clear,sky is clear,2018-04-21 08:00:00,3392
None,276.08,0.0,0.0,1,Haze,haze,2018-04-21 09:00:00,4153
None,279.2,0.0,0.0,1,Clear,sky is clear,2018-04-21 10:00:00,4464
None,281.36,0.0,0.0,40,Clouds,scattered clouds,2018-04-21 11:00:00,4985
None,283.22,0.0,0.0,40,Clouds,scattered clouds,2018-04-21 12:00:00,5263
None,284.15,0.0,0.0,40,Clouds,scattered clouds,2018-04-21 13:00:00,5307
None,285.15,0.0,0.0,40,Clouds,scattered clouds,2018-04-21 14:00:00,5296
None,286.22,0.0,0.0,40,Clouds,scattered clouds,2018-04-21 15:00:00,5340
None,286.81,0.0,0.0,40,Clouds,scattered clouds,2018-04-21 16:00:00,5027
None,287.08,0.0,0.0,1,Clear,sky is clear,2018-04-21 17:00:00,5007
None,286.86,0.0,0.0,1,Clear,sky is clear,2018-04-21 18:00:00,4541
None,287.01,0.0,0.0,40,Clouds,scattered clouds,2018-04-21 19:00:00,3892
None,285.62,0.0,0.0,40,Clouds,scattered clouds,2018-04-21 20:00:00,3346
None,283.29,0.0,0.0,1,Clear,sky is clear,2018-04-21 21:00:00,3199
None,280.35,0.0,0.0,1,Clear,sky is clear,2018-04-21 22:00:00,3814
None,278.5,0.0,0.0,1,Clear,sky is clear,2018-04-21 23:00:00,2760
None,276.8,0.0,0.0,1,Clear,sky is clear,2018-04-22 00:00:00,1447
None,275.8,0.0,0.0,1,Clear,sky is clear,2018-04-22 01:00:00,945
None,274.72,0.0,0.0,1,Clear,sky is clear,2018-04-22 02:00:00,671
None,274.51,0.0,0.0,1,Clear,sky is clear,2018-04-22 03:00:00,465
None,273.79,0.0,0.0,1,Clear,sky is clear,2018-04-22 04:00:00,368
None,273.51,0.0,0.0,1,Mist,mist,2018-04-22 05:00:00,563
None,273.08,0.0,0.0,1,Mist,mist,2018-04-22 06:00:00,904
None,272.86,0.0,0.0,5,Mist,mist,2018-04-22 07:00:00,1289
None,274.61,0.0,0.0,1,Clear,sky is clear,2018-04-22 08:00:00,2200
None,278.01,0.0,0.0,1,Clear,sky is clear,2018-04-22 09:00:00,3219
None,282.15,0.0,0.0,1,Clear,sky is clear,2018-04-22 10:00:00,4088
None,284.65,0.0,0.0,1,Clear,sky is clear,2018-04-22 11:00:00,4541
None,286.93,0.0,0.0,20,Clouds,few clouds,2018-04-22 12:00:00,4781
None,288.01,0.0,0.0,20,Clouds,few clouds,2018-04-22 13:00:00,4761
None,288.58,0.0,0.0,20,Clouds,few clouds,2018-04-22 14:00:00,4753
None,289.22,0.0,0.0,20,Clouds,few clouds,2018-04-22 15:00:00,4866
None,289.93,0.0,0.0,20,Clouds,few clouds,2018-04-22 16:00:00,4713
None,290.22,0.0,0.0,20,Clouds,few clouds,2018-04-22 17:00:00,4303
None,290.22,0.0,0.0,1,Clear,sky is clear,2018-04-22 18:00:00,3787
None,289.77,0.0,0.0,40,Clouds,scattered clouds,2018-04-22 19:00:00,3228
None,288.85,0.0,0.0,40,Clouds,scattered clouds,2018-04-22 20:00:00,3139
None,284.93,0.0,0.0,1,Clear,sky is clear,2018-04-22 21:00:00,2412
None,282.53,0.0,0.0,1,Clear,sky is clear,2018-04-22 22:00:00,1906
None,280.38,0.0,0.0,1,Clear,sky is clear,2018-04-22 23:00:00,1356
None,278.91,0.0,0.0,1,Clear,sky is clear,2018-04-23 00:00:00,614
None,277.77,0.0,0.0,1,Clear,sky is clear,2018-04-23 01:00:00,349
None,276.82,0.0,0.0,1,Clear,sky is clear,2018-04-23 02:00:00,259
None,275.91,0.0,0.0,1,Mist,mist,2018-04-23 03:00:00,373
None,275.61,0.0,0.0,1,Clear,sky is clear,2018-04-23 04:00:00,900
None,274.92,0.0,0.0,1,Mist,mist,2018-04-23 05:00:00,2864
None,274.53,0.0,0.0,1,Mist,mist,2018-04-23 06:00:00,5769
None,274.85,0.0,0.0,1,Mist,mist,2018-04-23 07:00:00,6574
None,276.36,0.0,0.0,1,Mist,mist,2018-04-23 08:00:00,5970
None,279.86,0.0,0.0,1,Clear,sky is clear,2018-04-23 09:00:00,5325
None,284.07,0.0,0.0,1,Clear,sky is clear,2018-04-23 10:00:00,4547
None,288.64,0.0,0.0,1,Clear,sky is clear,2018-04-23 11:00:00,4577
None,289.72,0.0,0.0,1,Clear,sky is clear,2018-04-23 12:00:00,4739
None,290.62,0.0,0.0,1,Clear,sky is clear,2018-04-23 13:00:00,4803
None,290.4840000000001,0.0,0.0,0,Clear,Sky is Clear,2018-04-23 14:00:00,5243
None,292.196,0.0,0.0,0,Clear,Sky is Clear,2018-04-23 15:00:00,5852
None,293.08,0.0,0.0,1,Clear,sky is clear,2018-04-23 16:00:00,6883
None,293.31,0.0,0.0,1,Clear,sky is clear,2018-04-23 17:00:00,6188
None,293.15,0.0,0.0,20,Clouds,few clouds,2018-04-23 18:00:00,4660
None,292.87,0.0,0.0,20,Clouds,few clouds,2018-04-23 19:00:00,3243
None,291.28,0.0,0.0,20,Clouds,few clouds,2018-04-23 20:00:00,2759
None,286.78,0.0,0.0,20,Clouds,few clouds,2018-04-23 21:00:00,2183
None,285.08,0.0,0.0,1,Clear,sky is clear,2018-04-23 22:00:00,1537
None,283.21,0.0,0.0,1,Clear,sky is clear,2018-04-23 23:00:00,963
None,281.35,0.0,0.0,1,Clear,sky is clear,2018-04-24 00:00:00,530
None,280.28,0.0,0.0,1,Clear,sky is clear,2018-04-24 01:00:00,330
None,279.66,0.0,0.0,1,Clear,sky is clear,2018-04-24 02:00:00,248
None,278.8,0.0,0.0,1,Clear,sky is clear,2018-04-24 03:00:00,346
None,278.68,0.0,0.0,1,Clear,sky is clear,2018-04-24 04:00:00,911
None,277.61,0.0,0.0,20,Clouds,few clouds,2018-04-24 05:00:00,2936
None,277.56,0.0,0.0,1,Mist,mist,2018-04-24 06:00:00,5886
None,277.62,0.0,0.0,40,Clouds,scattered clouds,2018-04-24 07:00:00,6535
None,279.07,0.0,0.0,1,Mist,mist,2018-04-24 08:00:00,5905
None,283.27,0.0,0.0,40,Haze,haze,2018-04-24 09:00:00,5509
None,286.14,0.0,0.0,75,Clouds,broken clouds,2018-04-24 10:00:00,4540
None,288.21,0.0,0.0,75,Clouds,broken clouds,2018-04-24 11:00:00,4957
None,288.87,0.0,0.0,75,Clouds,broken clouds,2018-04-24 12:00:00,4881
None,289.28,0.0,0.0,40,Clouds,scattered clouds,2018-04-24 13:00:00,4960
None,288.74,0.0,0.0,40,Clouds,scattered clouds,2018-04-24 14:00:00,5353
None,288.58,0.0,0.0,40,Drizzle,light intensity drizzle,2018-04-24 15:00:00,6010
None,289.01,0.0,0.0,1,Rain,light rain,2018-04-24 16:00:00,7149
None,286.29,0.0,0.0,75,Clouds,broken clouds,2018-04-24 17:00:00,6253
None,286.15,0.0,0.0,75,Clouds,broken clouds,2018-04-24 18:00:00,4513
None,285.93,0.0,0.0,75,Clouds,broken clouds,2018-04-24 19:00:00,3325
None,285.58,0.0,0.0,40,Clouds,scattered clouds,2018-04-24 20:00:00,3115
None,282.88,0.0,0.0,20,Clouds,few clouds,2018-04-24 21:00:00,2497
None,281.61,0.0,0.0,1,Clear,sky is clear,2018-04-24 22:00:00,1589
None,281.36,0.0,0.0,1,Clear,sky is clear,2018-04-24 23:00:00,988
None,280.21,0.0,0.0,1,Clear,sky is clear,2018-04-25 00:00:00,532
None,279.08,0.0,0.0,1,Clear,sky is clear,2018-04-25 01:00:00,310
None,278.58,0.0,0.0,1,Clear,sky is clear,2018-04-25 02:00:00,237
None,276.88,0.0,0.0,1,Clear,sky is clear,2018-04-25 03:00:00,341
None,275.48,0.0,0.0,1,Clear,sky is clear,2018-04-25 04:00:00,904
None,274.88,0.0,0.0,1,Clear,sky is clear,2018-04-25 05:00:00,2917
None,274.29,0.0,0.0,1,Clear,sky is clear,2018-04-25 06:00:00,5866
None,273.68,0.0,0.0,1,Clear,sky is clear,2018-04-25 07:00:00,6303
None,275.14,0.0,0.0,5,Clear,sky is clear,2018-04-25 08:00:00,5850
None,276.72,0.0,0.0,1,Clear,sky is clear,2018-04-25 09:00:00,5455
None,279.15,0.0,0.0,1,Clear,sky is clear,2018-04-25 10:00:00,4524
None,280.42,0.0,0.0,1,Clear,sky is clear,2018-04-25 11:00:00,4891
None,281.65,0.0,0.0,1,Clear,sky is clear,2018-04-25 12:00:00,5067
None,283.43,0.0,0.0,1,Clear,sky is clear,2018-04-25 13:00:00,5020
None,284.86,0.0,0.0,1,Clear,sky is clear,2018-04-25 14:00:00,5276
None,286.01,0.0,0.0,5,Clear,sky is clear,2018-04-25 15:00:00,6002
None,286.79,0.0,0.0,1,Clear,sky is clear,2018-04-25 16:00:00,6816
None,287.48,0.0,0.0,5,Clear,sky is clear,2018-04-25 17:00:00,6420
None,287.75,0.0,0.0,40,Clouds,scattered clouds,2018-04-25 18:00:00,4695
None,287.48,0.0,0.0,40,Clouds,scattered clouds,2018-04-25 19:00:00,3543
None,286.44,0.0,0.0,40,Clouds,scattered clouds,2018-04-25 20:00:00,3225
None,284.09,0.0,0.0,75,Clouds,broken clouds,2018-04-25 21:00:00,2560
None,282.56,0.0,0.0,1,Clear,sky is clear,2018-04-25 22:00:00,1618
None,281.49,0.0,0.0,1,Clear,sky is clear,2018-04-25 23:00:00,1023
None,280.22,0.0,0.0,1,Clear,sky is clear,2018-04-26 00:00:00,551
None,279.22,0.0,0.0,1,Clear,sky is clear,2018-04-26 01:00:00,358
None,278.75,0.0,0.0,1,Clear,sky is clear,2018-04-26 02:00:00,255
None,278.09,0.0,0.0,1,Clear,sky is clear,2018-04-26 03:00:00,350
None,277.96,0.0,0.0,1,Clear,sky is clear,2018-04-26 04:00:00,899
None,278.37,0.0,0.0,1,Clear,sky is clear,2018-04-26 05:00:00,2953
None,278.02,0.0,0.0,1,Clear,sky is clear,2018-04-26 06:00:00,5813
None,277.65,0.0,0.0,1,Clear,sky is clear,2018-04-26 07:00:00,6493
None,279.15,0.0,0.0,1,Clear,sky is clear,2018-04-26 08:00:00,5890
None,282.61,0.0,0.0,1,Clear,sky is clear,2018-04-26 09:00:00,5495
None,285.22,0.0,0.0,75,Clouds,broken clouds,2018-04-26 10:00:00,4675
None,286.74,0.0,0.0,1,Clear,sky is clear,2018-04-26 11:00:00,5110
None,287.07,0.0,0.0,75,Clouds,broken clouds,2018-04-26 12:00:00,5078
None,288.61,0.0,0.0,20,Clouds,few clouds,2018-04-26 13:00:00,5281
None,289.68,0.0,0.0,5,Clear,sky is clear,2018-04-26 14:00:00,5661
None,290.42,0.0,0.0,20,Clouds,few clouds,2018-04-26 15:00:00,6257
None,290.72,0.0,0.0,20,Clouds,few clouds,2018-04-26 16:00:00,7139
None,290.62,0.0,0.0,1,Clear,sky is clear,2018-04-26 17:00:00,6372
None,290.15,0.0,0.0,20,Clouds,few clouds,2018-04-26 18:00:00,5068
None,289.22,0.0,0.0,1,Clear,sky is clear,2018-04-26 19:00:00,3813
None,287.44,0.0,0.0,5,Clear,sky is clear,2018-04-26 20:00:00,3338
None,285.35,0.0,0.0,5,Clear,sky is clear,2018-04-26 21:00:00,3058
None,283.8,0.0,0.0,1,Clear,sky is clear,2018-04-26 22:00:00,2171
None,282.22,0.0,0.0,1,Clear,sky is clear,2018-04-26 23:00:00,1253
None,280.75,0.0,0.0,1,Clear,sky is clear,2018-04-27 00:00:00,683
None,279.22,0.0,0.0,1,Clear,sky is clear,2018-04-27 01:00:00,422
None,278.09,0.0,0.0,1,Clear,sky is clear,2018-04-27 02:00:00,328
None,277.15,0.0,0.0,40,Clouds,scattered clouds,2018-04-27 03:00:00,380
None,277.35,0.0,0.0,40,Clouds,scattered clouds,2018-04-27 04:00:00,849
None,278.08,0.0,0.0,75,Clouds,broken clouds,2018-04-27 05:00:00,2744
None,278.16,0.0,0.0,75,Clouds,broken clouds,2018-04-27 06:00:00,5573
None,278.94,0.0,0.0,40,Clouds,scattered clouds,2018-04-27 07:00:00,6712
None,279.72,0.0,0.0,1,Clear,sky is clear,2018-04-27 08:00:00,6109
None,282.55,0.0,0.0,1,Clear,sky is clear,2018-04-27 09:00:00,5414
None,284.95,0.0,0.0,20,Clouds,few clouds,2018-04-27 10:00:00,4946
None,286.65,0.0,0.0,1,Clear,sky is clear,2018-04-27 11:00:00,5365
None,288.55,0.0,0.0,1,Clear,sky is clear,2018-04-27 12:00:00,5622
None,289.58,0.0,0.0,40,Clouds,scattered clouds,2018-04-27 13:00:00,5487
None,289.29,0.0,0.0,40,Clouds,scattered clouds,2018-04-27 14:00:00,6005
None,288.73,0.0,0.0,40,Clouds,scattered clouds,2018-04-27 15:00:00,6560
None,287.87,0.0,0.0,1,Clear,sky is clear,2018-04-27 16:00:00,6471
None,287.62,0.0,0.0,40,Rain,light rain,2018-04-27 17:00:00,6459
None,286.58,0.0,0.0,40,Clouds,scattered clouds,2018-04-27 18:00:00,5355
None,285.55,0.0,0.0,90,Rain,light rain,2018-04-27 19:00:00,4083
None,283.69,0.0,0.0,40,Clouds,scattered clouds,2018-04-27 20:00:00,3319
None,281.49,0.0,0.0,75,Clouds,broken clouds,2018-04-27 21:00:00,3384
None,279.96,0.0,0.0,1,Clear,sky is clear,2018-04-27 22:00:00,2709
None,278.55,0.0,0.0,75,Clouds,broken clouds,2018-04-27 23:00:00,1942
None,277.58,0.0,0.0,75,Clouds,broken clouds,2018-04-28 00:00:00,1097
None,276.35,0.0,0.0,90,Clouds,overcast clouds,2018-04-28 01:00:00,725
None,275.95,0.0,0.0,75,Clouds,broken clouds,2018-04-28 02:00:00,531
None,275.79,0.0,0.0,75,Clouds,broken clouds,2018-04-28 03:00:00,382
None,275.22,0.0,0.0,75,Clouds,broken clouds,2018-04-28 04:00:00,365
None,274.61,0.0,0.0,90,Clouds,overcast clouds,2018-04-28 05:00:00,744
None,273.88,0.0,0.0,75,Clouds,broken clouds,2018-04-28 06:00:00,1366
None,274.15,0.0,0.0,20,Clouds,few clouds,2018-04-28 07:00:00,2330
None,276.0,0.0,0.0,1,Clear,sky is clear,2018-04-28 08:00:00,3737
None,278.72,0.0,0.0,20,Clouds,few clouds,2018-04-28 09:00:00,4509
None,280.28,0.0,0.0,20,Clouds,few clouds,2018-04-28 10:00:00,4752
None,281.22,0.0,0.0,40,Clouds,scattered clouds,2018-04-28 11:00:00,5130
None,282.72,0.0,0.0,40,Clouds,scattered clouds,2018-04-28 12:00:00,5453
None,283.95,0.0,0.0,40,Clouds,scattered clouds,2018-04-28 13:00:00,5529
None,284.94,0.0,0.0,1,Clear,sky is clear,2018-04-28 14:00:00,5191
None,285.51,0.0,0.0,1,Clear,sky is clear,2018-04-28 15:00:00,4925
None,286.15,0.0,0.0,20,Clouds,few clouds,2018-04-28 16:00:00,5034
None,286.62,0.0,0.0,5,Clear,sky is clear,2018-04-28 17:00:00,4991
None,286.62,0.0,0.0,1,Clear,sky is clear,2018-04-28 18:00:00,4300
None,286.48,0.0,0.0,1,Clear,sky is clear,2018-04-28 19:00:00,3764
None,285.82,0.0,0.0,1,Clear,sky is clear,2018-04-28 20:00:00,3189
None,283.82,0.0,0.0,5,Clear,sky is clear,2018-04-28 21:00:00,3076
None,281.62,0.0,0.0,1,Clear,sky is clear,2018-04-28 22:00:00,2900
None,279.72,0.0,0.0,1,Clear,sky is clear,2018-04-28 23:00:00,3360
None,279.55,0.0,0.0,1,Clear,sky is clear,2018-04-29 00:00:00,1532
None,279.01,0.0,0.0,1,Clear,sky is clear,2018-04-29 01:00:00,821
None,278.42,0.0,0.0,1,Clear,sky is clear,2018-04-29 02:00:00,601
None,278.01,0.0,0.0,1,Clear,sky is clear,2018-04-29 03:00:00,347
None,277.65,0.0,0.0,1,Clear,sky is clear,2018-04-29 04:00:00,280
None,276.8,0.0,0.0,1,Clear,sky is clear,2018-04-29 05:00:00,427
None,276.15,0.0,0.0,1,Clear,sky is clear,2018-04-29 06:00:00,839
None,276.44,0.0,0.0,1,Clear,sky is clear,2018-04-29 07:00:00,1397
None,278.28,0.0,0.0,1,Clear,sky is clear,2018-04-29 08:00:00,2153
None,281.75,0.0,0.0,1,Clear,sky is clear,2018-04-29 09:00:00,3258
None,284.61,0.0,0.0,5,Clear,sky is clear,2018-04-29 10:00:00,3848
None,286.68,0.0,0.0,5,Clear,sky is clear,2018-04-29 11:00:00,4381
None,288.36,0.0,0.0,5,Clear,sky is clear,2018-04-29 12:00:00,4886
None,289.46,0.0,0.0,1,Clear,sky is clear,2018-04-29 13:00:00,4828
None,290.75,0.0,0.0,1,Clear,sky is clear,2018-04-29 14:00:00,4715
None,291.81,0.0,0.0,5,Clear,sky is clear,2018-04-29 15:00:00,4570
None,292.62,0.0,0.0,1,Clear,sky is clear,2018-04-29 16:00:00,4886
None,292.88,0.0,0.0,1,Clear,sky is clear,2018-04-29 17:00:00,4390
None,293.29,0.0,0.0,1,Clear,sky is clear,2018-04-29 18:00:00,3903
None,292.95,0.0,0.0,1,Clear,sky is clear,2018-04-29 19:00:00,3351
None,291.73,0.0,0.0,1,Clear,sky is clear,2018-04-29 20:00:00,3026
None,290.08,0.0,0.0,5,Clear,sky is clear,2018-04-29 21:00:00,2367
None,289.15,0.0,0.0,1,Clear,sky is clear,2018-04-29 22:00:00,1703
None,288.61,0.0,0.0,1,Clear,sky is clear,2018-04-29 23:00:00,1035
None,287.75,0.0,0.0,75,Thunderstorm,thunderstorm with light rain,2018-04-30 00:00:00,541
None,287.22,0.0,0.0,90,Thunderstorm,proximity thunderstorm,2018-04-30 01:00:00,327
None,287.02,0.0,0.0,1,Clear,sky is clear,2018-04-30 02:00:00,275
None,286.62,0.0,0.0,75,Thunderstorm,proximity thunderstorm,2018-04-30 03:00:00,355
None,286.72,0.0,0.0,40,Rain,light rain,2018-04-30 04:00:00,891
None,286.72,0.0,0.0,40,Thunderstorm,proximity thunderstorm,2018-04-30 04:00:00,891
None,286.15,0.0,0.0,1,Rain,light rain,2018-04-30 05:00:00,2871
None,286.15,0.0,0.0,1,Thunderstorm,proximity thunderstorm,2018-04-30 05:00:00,2871
None,286.15,0.0,0.0,40,Thunderstorm,proximity thunderstorm with rain,2018-04-30 06:00:00,5730
None,285.86,0.0,0.0,40,Rain,light rain,2018-04-30 07:00:00,6633
None,286.29,0.0,0.0,1,Rain,moderate rain,2018-04-30 08:00:00,5724
None,286.02,0.0,0.0,1,Rain,moderate rain,2018-04-30 09:00:00,5171
None,286.02,0.0,0.0,1,Drizzle,light intensity drizzle,2018-04-30 09:00:00,5171
None,285.65,0.0,0.0,75,Rain,moderate rain,2018-04-30 10:00:00,4523
None,285.65,0.0,0.0,75,Drizzle,light intensity drizzle,2018-04-30 10:00:00,4523
None,287.0,0.0,0.0,40,Drizzle,light intensity drizzle,2018-04-30 11:00:00,4619
None,288.5,0.0,0.0,40,Rain,light rain,2018-04-30 12:00:00,4825
None,290.57,0.0,0.0,1,Drizzle,light intensity drizzle,2018-04-30 13:00:00,4837
None,294.43,0.0,0.0,1,Clear,sky is clear,2018-04-30 14:00:00,5147
None,297.14,0.0,0.0,1,Clear,sky is clear,2018-04-30 15:00:00,5792
None,299.79,0.0,0.0,1,Clear,sky is clear,2018-04-30 16:00:00,6901
None,300.58,0.0,0.0,1,Clear,sky is clear,2018-04-30 17:00:00,6184
None,301.44,0.0,0.0,1,Clear,sky is clear,2018-04-30 18:00:00,4568
None,300.87,0.0,0.0,1,Clear,sky is clear,2018-04-30 19:00:00,3259
None,299.69,0.0,0.0,1,Clear,sky is clear,2018-04-30 20:00:00,2673
None,297.96,0.0,0.0,1,Clear,sky is clear,2018-04-30 21:00:00,2329
None,296.62,0.0,0.0,40,Clouds,scattered clouds,2018-04-30 22:00:00,1594
None,295.62,0.0,0.0,40,Clouds,scattered clouds,2018-04-30 23:00:00,1061
